HR,Name,DM,HD,SAO,RAdegree,DECdegree,RAhms,DECdms,GLON,GLAT,Vmag,B-V,U-B,R-I,SpT,pmRA,pmDE,Parallax,RadVel,RotVel,MultID
2491,  9Alp CMa,BD-16 1591 ,48915,151881,101.2871,-16.7161,06 45 08.9,-16 42 58,227.22,-8.88,-1.46,0,-0.05,-0.03,  A1Vm              ,-0.553,-1.205,0.375,-8,13,AB  
2326,   Alp Car,CP-52  914 ,45348,234480,95.9879,-52.6958,06 23 57.1,-52 41 45,261.21,-25.29,-0.72,0.15,0.1,0.18,  F0II              ,0.022,0.021,0.028,21,0,    
5340, 16Alp Boo,BD+19 2777 ,124897,100944,213.9154,19.1825,14 15 39.7,+19 10 57,15.14,69.11,-0.04,1.23,1.27,0.65,  K1.5IIIFe-0.5     ,-1.093,-1.998,0.09,-5,17,    
5459,   Alp1Cen,CP-60 5483 ,128620,252838,219.8996,-60.8353,14 39 35.9,-60 50 07,315.78,-0.71,-0.01,0.71,0.24,0.22,  G2V               ,-3.642,0.699,0.751,-22,   ,AB  
7001,  3Alp Lyr,BD+38 3238 ,172167,67174,279.2346,38.7836,18 36 56.3,+38 47 01,67.44,19.24,0.03,0,-0.01,-0.03,  A0Va              ,0.202,0.286,0.123,-14,15,AB  
1708, 13Alp Aur,BD+45 1077 ,34029,40186,79.1725,45.9981,05 16 41.4,+45 59 53,162.58,4.57,0.08,0.8,0.44,0.44,  G5IIIe+G0III      ,0.076,-0.425,0.073,30,   ,AP  
1713, 19Bet Ori,BD-08 1063 ,34085,131907,78.6346,-8.2017,05 14 32.3,-08 12 06,209.24,-25.25,0.12,-0.03,-0.66,-0.02,  B8Ia:             ,0,-0.001,0.013,21,33,AB  
2943, 10Alp CMi,BD+05 1739 ,61421,115756,114.8254,5.225,07 39 18.1,+05 13 30,213.69,13.03,0.38,0.42,0.02,0.23,  F5IV-V            ,-0.71,-1.023,0.288,-3,6,AC  
472,   Alp Eri,CP-57  334 ,10144,232481,24.4287,-57.2367,01 37 42.9,-57 14 12,290.84,-58.79,0.46,-0.16,-0.66,-0.11,  B3Vpe             ,0.095,-0.035,0.026,16,251,    
7557, 53Alp Aql,BD+08 4236 ,187642,125122,297.6958,8.8683,19 50 47.0,+08 52 06,47.74,-8.91,0.77,0.22,0.08,0.14,  A7V               ,0.538,0.386,0.198,-26,242,AB  
1457, 87Alp Tau,BD+16  629 ,29139,94027,68.98,16.5092,04 35 55.2,+16 30 33,180.97,-20.25,0.85,1.54,1.9,0.94,  K5+III            ,0.063,-0.19,0.048,54,17,AC  
6134, 21Alp Sco,CD-2611359 ,148478,184415,247.3517,-26.4319,16 29 24.4,-26 25 55,351.95,15.06,0.96,1.83,1.34,1.23,  M1.5Iab-Ib+B4Ve   ,-0.01,-0.02,0.024,-3,20,    
5056, 67Alp Vir,BD-10 3672 ,116658,157923,201.2983,-11.1614,13 25 11.6,-11 09 41,316.11,50.84,0.98,-0.23,-0.93,-0.24,  B1III-IV+B2V      ,-0.041,-0.028,0.023,1,159, O  
2990, 78Bet Gem,BD+28 1463 ,62509,79666,116.3287,28.0261,07 45 18.9,+28 01 34,192.23,23.41,1.14,1,0.85,0.5,  K0IIIb            ,-0.628,-0.046,0.094,3,17,AC  
8728, 24Alp PsA,CD-3019370 ,216956,191524,344.4129,-29.6222,22 57 39.1,-29 37 20,20.49,-64.9,1.16,0.09,0.08,0.02,  A3V               ,0.333,-0.165,0.149,7,100,    
5460,   Alp2Cen,CP-60 5483 ,128621,      ,219.9004,-60.8356,14 39 36.1,-60 50 08,315.78,-0.71,1.33,0.88,0.68,0.3,  K1V               ,-3.646,0.7,0.751,-21,   ,AB  
3982, 32Alp Leo,BD+12 2149 ,87901,98967,152.0929,11.9672,10 08 22.3,+11 58 02,226.43,48.94,1.35,-0.11,-0.36,-0.1,  B7V               ,-0.248,0.006,0.045,6,329,AB  
1790, 24Gam Ori,BD+06  919 ,35468,112740,81.2829,6.3497,05 25 07.9,+06 20 59,196.93,-15.95,1.64,-0.22,-0.87,-0.22,  B2III             ,-0.009,-0.014,0.029,18,59,    
1791,112Bet Tau,BD+28  795 ,35497,77168,81.5729,28.6075,05 26 17.5,+28 36 27,177.99,-3.74,1.65,-0.13,-0.49,-0.1,  B7III             ,0.022,-0.175,0.028,9,71,    
3685,   Bet Car,CP-69 1023 ,80007,250495,138.3,-69.7172,09 13 12.0,-69 43 02,285.98,-14.41,1.68,0,0.03,0.02,  A2IV              ,-0.162,0.108,0.021,-5,133,    
8425,   Alp Gru,CD-4714063 ,209952,230992,332.0583,-46.9611,22 08 14.0,-46 57 40,350,-52.47,1.74,-0.13,-0.47,-0.09,  B7IV              ,0.129,-0.151,0.057,12,236,    
3207,   Gam2Vel,CD-46 3847 ,68273,219504,122.3833,-47.3367,08 09 32.0,-47 20 12,262.8,-7.69,1.78,-0.22,-0.99,-0.13,  WC8+O9I           ,-0.004,0.006,0.017,35,   ,AB  
1017, 33Alp Per,BD+49  917 ,20902,38787,51.0808,49.8611,03 24 19.4,+49 51 40,146.57,-5.86,1.79,0.48,0.37,0.33,  F5Ib              ,0.024,-0.025,0.016,-2,18,    
4301, 50Alp UMa,BD+62 1161 ,95689,15384,165.9321,61.7508,11 03 43.7,+61 45 03,142.85,51.01,1.79,1.07,0.92,0.58,  K0IIIa            ,-0.119,-0.067,0.038,-9,17,    
6879, 20Eps Sgr,CD-3412784 ,169022,210091,276.0429,-34.3847,18 24 10.3,-34 23 05,359.2,-9.81,1.85,-0.03,-0.13,-0.01,  B9.5III           ,-0.038,-0.124,0.023,-15,140,    
5191, 85Eta UMa,BD+50 2027 ,120315,44752,206.885,49.3133,13 47 32.4,+49 18 48,100.69,65.32,1.86,-0.19,-0.67,-0.18,  B3V               ,-0.122,-0.011,0.035,-11,205,    
6553,   The Sco,CD-4212312 ,159532,228201,264.33,-42.9978,17 37 19.2,-42 59 52,347.14,-5.98,1.87,0.4,0.22,0.2,  F1II              ,0.015,-0.002,0.027,1,105,    
2088, 34Bet Aur,BD+44 1328 ,40183,40750,89.8821,44.9475,05 59 31.7,+44 56 51,167.46,10.41,1.9,0.03,0.05,-0.01,  A2IV              ,-0.057,0,0.041,-18,37,AB  
6217,   Alp TrA,CP-68 2822 ,150798,253700,252.1662,-69.0278,16 48 39.9,-69 01 40,321.54,-15.26,1.92,1.44,1.56,     ,  K2IIb-IIIa        ,0.014,-0.034,0.031,-3,   ,    
2421, 24Gam Gem,BD+16 1223 ,47105,95912,99.4279,16.3992,06 37 42.7,+16 23 57,196.77,4.45,1.93,0,0.04,-0.01,  A0IV              ,0.042,-0.042,0.033,-13,32,AC  
3485,   Del Vel,CP-54 1788 ,74956,236232,131.1758,-54.7083,08 44 42.2,-54 42 30,272.08,-7.37,1.96,0.04,0.07,0.02,  A1V               ,0.023,-0.078,0.051,2,40,AB  
2294,  2Bet CMa,BD-17 1467 ,44743,151428,95.675,-17.9558,06 22 42.0,-17 57 21,226.06,-14.27,1.98,-0.23,-0.98,-0.24,  B1II-III          ,-0.006,0,0.019,34,36,    
2891, 66Alp Gem,BD+32 1581 ,60179,      ,113.65,31.8883,07 34 36.0,+31 53 18,187.44,22.48,1.98,0.03,0.01,-0.01,  A1V               ,-0.171,-0.098,0.067,6,14,AB  
3748, 30Alp Hya,BD-08 2680 ,81797,136871,141.8967,-8.6586,09 27 35.2,-08 39 31,241.49,29.05,1.98,1.44,1.72,0.77,  K3II-III          ,-0.014,0.033,0.022,-4,17,AB  
617, 13Alp Ari,BD+22  306 ,12929,75151,31.7933,23.4625,02 07 10.4,+23 27 45,144.57,-36.2,2,1.15,1.12,0.62,  K2-IIICa-1        ,0.19,-0.148,0.049,-14,17,    
188, 16Bet Cet,BD-18  115 ,4128,147420,10.8975,-17.9867,00 43 35.4,-17 59 12,111.31,-80.68,2.04,1.02,0.87,0.51,  G9.5IIICH-1       ,0.234,0.033,0.061,13,18,    
1948, 50Zet Ori,BD-02 1338 ,37742,132444,85.1896,-1.9428,05 40 45.5,-01 56 34,206.45,-16.59,2.05,-0.21,-1.07,-0.2,  O9.7Ib            ,0.003,-0.002,0.024,18,140,AB  
2004, 53Kap Ori,BD-09 1235 ,38771,132542,86.9392,-9.6697,05 47 45.4,-09 40 11,214.51,-18.5,2.06,-0.17,-1.03,-0.18,  B0.5Ia            ,0.002,-0.002,0.015,21,82,    
15, 21Alp And,BD+28    4 ,358,73765,2.0971,29.0906,00 08 23.3,+29 05 26,111.73,-32.84,2.06,-0.11,-0.46,-0.1,  B8IVpMnHg         ,0.136,-0.163,0.032,-12,56,    
5288,  5The Cen,CD-35 9260 ,123139,205188,211.6708,-36.37,14 06 41.0,-36 22 12,319.46,24.08,2.06,1.01,0.87,0.53,  K0-IIIb           ,-0.519,-0.519,0.065,1,   ,    
337, 43Bet And,BD+34  198 ,6860,54471,17.4329,35.6206,01 09 43.9,+35 37 14,127.1,-27.1,2.06,1.58,1.96,1,  M0+IIIa           ,0.178,-0.114,0.049,3,   ,AD  
6556, 55Alp Oph,BD+12 3252 ,159561,102932,263.7337,12.56,17 34 56.1,+12 33 36,35.9,22.57,2.08,0.15,0.1,0.08,  A5III             ,0.12,-0.226,0.067,13,219,    
5563,  7Bet UMi,BD+74  595 ,131873,8102,222.6762,74.1556,14 50 42.3,+74 09 20,112.65,40.5,2.08,1.47,1.78,0.76,  K4-III            ,-0.031,0.012,0.039,17,17,    
936, 26Bet Per,BD+40  673 ,19356,38592,47.0421,40.9556,03 08 10.1,+40 57 20,148.98,-14.9,2.12,-0.05,-0.37,-0.03,  B8V               ,0.004,-0.001,0.045,4,65,AD  
4534, 94Bet Leo,BD+15 2383 ,102647,99809,177.265,14.5719,11 49 03.6,+14 34 19,250.65,70.81,2.14,0.09,0.07,0.02,  A3V               ,-0.497,-0.114,0.082,0,121,AD  
4819,   Gam Cen,CD-48 7597 ,110304,223603,190.3792,-48.9597,12 41 31.0,-48 57 35,301.26,13.88,2.17,-0.01,-0.01,0,  A1IV              ,-0.189,-0.005,0.016,-6,81,AB  
3634,   Lam Vel,CD-42 4990 ,78647,220878,136.9992,-43.4325,09 07 59.8,-43 25 57,265.94,2.82,2.21,1.66,1.81,0.94,  K4.5Ib-II         ,-0.019,0.013,0.022,18,   ,    
1852, 34Del Ori,BD-00  983 ,36486,132220,83.0017,-0.2992,05 32 00.4,-00 17 57,203.86,-17.74,2.23,-0.22,-1.05,-0.22,  O9.5II            ,0.001,-0.002,0.014,16,152,AC  
5793,  5Alp CrB,BD+27 2512 ,139006,83893,233.6721,26.7147,15 34 41.3,+26 42 53,41.87,53.77,2.23,-0.02,-0.02,-0.04,  A0V+G5V           ,0.121,-0.089,0.045,2,133,    
168, 18Alp Cas,BD+55  139 ,3712,21609,10.1271,56.5372,00 40 30.5,+56 32 14,121.42,-6.3,2.23,1.17,1.13,0.6,  K0IIIa            ,0.053,-0.032,0.016,-4,21,AD  
6705, 33Gam Dra,BD+51 2282 ,164058,30653,269.1517,51.4889,17 56 36.4,+51 29 20,79.06,29.22,2.23,1.52,1.87,0.85,  K5III             ,-0.008,-0.019,0.025,-28,17,AG  
3699,   Iot Car,CP-58 1465 ,80404,236808,139.2725,-59.2753,09 17 05.4,-59 16 31,278.46,-7.01,2.25,0.18,0.16,0.2,  A8Ib              ,-0.02,0.008,0.017,13,0,    
603, 57Gam1And,BD+41  395 ,12533,37734,30.975,42.3297,02 03 54.0,+42 19 47,136.96,-18.56,2.26,1.37,1.58,0.68,  K3-IIb            ,0.045,-0.052,0.013,-12,17,AxBC
5054, 79Zet UMa,BD+55 1598 ,116656,28737,200.9812,54.9253,13 23 55.5,+54 55 31,113.11,61.58,2.27,0.02,0.03,-0.02,  A1VpSrSi          ,0.122,-0.02,0.047,-6,32,AP  
21, 11Bet Cas,BD+58    3 ,432,21133,2.2946,59.1497,00 09 10.7,+59 08 59,117.52,-3.27,2.27,0.34,0.11,0.2,  F2III-IV          ,0.525,-0.181,0.072,12,70,    
6241, 26Eps Sco,CD-3411285 ,151680,208078,252.5408,-34.2933,16 50 09.8,-34 17 36,348.82,6.56,2.29,1.15,1.27,0.6,  K2.5III           ,-0.611,-0.255,0.022,-3,   ,    
4295, 48Bet UMa,BD+57 1302 ,95418,27876,165.4604,56.3825,11 01 50.5,+56 22 57,149.17,54.8,2.37,-0.02,0.01,-0.04,  A1V               ,0.082,0.034,0.053,-12,39,    
99,   Alp Phe,CD-42  116 ,2261,215093,6.5708,-42.3061,00 26 17.0,-42 18 22,320.02,-73.98,2.39,1.09,0.88,0.6,  K0III             ,0.203,-0.396,0.035,75,   ,    
8775, 53Bet Peg,BD+27 4480 ,217906,90981,345.9437,28.0828,23 03 46.5,+28 04 58,95.74,-29.05,2.42,1.67,1.96,1.32,  M2.5II-III        ,0.189,0.137,0.022,9,   ,AC  
6378, 35Eta Oph,BD-15 4467 ,155125,160332,257.5946,-15.7247,17 10 22.7,-15 43 29,6.72,14.01,2.43,0.06,0.09,0.01,  A2V               ,0.039,0.098,0.052,-1,26,AB  
4554, 64Gam UMa,BD+54 1475 ,103287,28179,178.4575,53.6947,11 53 49.8,+53 41 41,140.84,61.38,2.44,0,0.02,-0.03,  A0Ve              ,0.095,0.012,0.028,-13,168,    
8162,  5Alp Cep,BD+61 2111 ,203280,19302,319.645,62.5856,21 18 34.8,+62 35 08,101,9.17,2.44,0.22,0.11,0.11,  A7V               ,0.151,0.049,0.068,-10,246,AB  
7949, 53Eps Cyg,BD+33 4018 ,197989,70474,311.5529,33.9703,20 46 12.7,+33 58 13,75.94,-5.71,2.46,1.03,0.87,0.54,  K0-III            ,0.356,0.328,0.057,-11,17,AB  
264, 27Gam Cas,BD+59  144 ,5394,11482,14.1771,60.7167,00 56 42.5,+60 43 00,123.58,-2.15,2.47,-0.15,-1.08,-0.08,  B0IVe             ,0.026,-0.005,0.016,-7,300,AB  
8781, 54Alp Peg,BD+14 4926 ,218045,108378,346.1904,15.2053,23 04 45.7,+15 12 19,88.28,-40.38,2.49,-0.04,-0.05,-0.03,  B9V               ,0.063,-0.042,0.038,-4,148,    
3734,   Kap Vel,CP-54 2219 ,81188,236891,140.5283,-55.0108,09 22 06.8,-55 00 39,275.88,-3.54,2.5,-0.18,-0.75,-0.19,  B2IV-V            ,-0.008,0.009,0.013,22,49,    
4357, 68Del Leo,BD+21 2298 ,97603,81727,168.5271,20.5236,11 14 06.5,+20 31 25,224.22,66.83,2.56,0.12,0.12,0.03,  A4V               ,0.142,-0.13,0.048,-20,181,AB  
4621,   Del Cen,CD-50 6697 ,105435,239689,182.0896,-50.7225,12 08 21.5,-50 43 21,296,11.57,2.6,-0.12,-0.9,-0.12,  B2IVne            ,-0.034,-0.008,0.026,11,181,AB  
7194, 38Zet Sgr,CD-3016575 ,176687,187600,285.6529,-29.8803,19 02 36.7,-29 52 49,6.84,-15.35,2.6,0.08,0.06,0.01,  A2III+A4IV        ,-0.015,-0.002,0.025,22,72,AB  
4057, 41Gam1Leo,BD+20 2467 ,89484,81298,154.9929,19.8417,10 19 58.3,+19 50 30,216.55,54.65,2.61,1.15,1,0.62,  K1-IIIbFe-0.5     ,0.306,-0.147,0.022,-37,17,AB  
2095, 37The Aur,BD+37 1380 ,40312,58636,89.9304,37.2125,05 59 43.3,+37 12 45,174.34,6.73,2.62,-0.08,-0.18,-0.06,  A0pSi             ,0.048,-0.081,0.022,30,49,AB  
553,  6Bet Ari,BD+20  306 ,11636,75012,28.66,20.8081,01 54 38.4,+20 48 29,142.24,-39.68,2.64,0.13,0.1,0.08,  A5V               ,0.096,-0.111,0.074,-2,79,    
4786,  9Bet Crv,BD-22 3401 ,109379,180915,188.5967,-23.3967,12 34 23.2,-23 23 48,297.87,39.31,2.65,0.89,0.6,0.44,  G5II              ,0.002,-0.054,0.034,-8,17,    
5854, 24Alp Ser,BD+06 3088 ,140573,121157,236.0671,6.4256,15 44 16.1,+06 25 32,14.2,44.08,2.65,1.17,1.24,0.56,  K2IIIbCN1         ,0.137,0.047,0.053,3,17,AB  
403, 37Del Cas,BD+59  248 ,8538,22268,21.4542,60.2353,01 25 49.0,+60 14 07,127.19,-2.35,2.68,0.13,0.12,0.09,  A5III-IV          ,0.297,-0.051,0.037,7,113,    
5235,  8Eta Boo,BD+19 2725 ,121370,100766,208.6713,18.3978,13 54 41.1,+18 23 52,5.3,73.03,2.68,0.58,0.2,0.29,  G0IV              ,-0.063,-0.358,0.108,0,13,    
4216,   Mu  Vel,CD-48 5913 ,93497,222321,161.6925,-49.42,10 46 46.2,-49 25 12,283.03,8.57,2.69,0.9,0.57,0.49,  G5III+G2V         ,0.074,-0.048,0.022,6,   ,    
1577,  3Iot Aur,BD+32  855 ,31398,57522,74.2483,33.1661,04 56 59.6,+33 09 58,170.59,-6.16,2.69,1.53,1.78,0.82,  K3II              ,0.003,-0.018,0.021,18,17,    
5506, 36Eps Boo,BD+27 2417 ,129989,83500,221.2467,27.0742,14 44 59.2,+27 04 27,39.38,64.78,2.7,0.97,0.73,0.52,  K0-II-III         ,-0.049,0.021,0.016,-17,   ,AB  
6859, 19Del Sgr,CD-2914834 ,168454,186681,275.2487,-29.8281,18 20 59.7,-29 49 41,3,-7.15,2.7,1.38,1.55,0.68,  K3-IIIa*          ,0.035,-0.028,0.047,-20,   ,AD  
2773,   Pi  Pup,CD-36 3489 ,56855,197795,109.2858,-37.0975,07 17 08.6,-37 05 51,249.01,-11.28,2.7,1.62,1.24,0.91,  K3Ib              ,-0.009,0.004,0.032,16,   ,    
7525, 50Gam Aql,BD+10 4043 ,186791,105223,296.565,10.6133,19 46 15.6,+10 36 48,48.73,-7.08,2.72,1.52,1.68,0.75,  K3II              ,0.018,-0.002,0.016,-2,17,    
6132, 14Eta Dra,BD+61 1591 ,148387,17074,245.9979,61.5142,16 23 59.5,+61 30 51,92.58,40.95,2.74,0.91,0.7,0.46,  G8-IIIab          ,-0.017,0.061,0.051,-14,17,ABxC
6056,  1Del Oph,BD-03 3903 ,146051,141052,243.5862,-3.6944,16 14 20.7,-03 41 40,8.85,32.2,2.74,1.58,1.96,1.03,  M0.5III           ,-0.044,-0.143,0.034,-20,   ,    
5028,   Iot Cen,CD-36 8497 ,115892,204371,200.1492,-36.7122,13 20 35.8,-36 42 44,309.42,25.79,2.75,0.04,0.03,-0.01,  A2V               ,-0.341,-0.085,0.062,0,85,    
5531,  9Alp2Lib,BD-15 3966 ,130841,158840,222.7196,-16.0417,14 50 52.7,-16 02 30,340.33,38.01,2.75,0.15,0.09,0.04,  A3IV              ,-0.106,-0.067,0.058,-10,84, O  
1899, 44Iot Ori,BD-06 1241 ,37043,132323,83.8583,-5.91,05 35 26.0,-05 54 36,209.52,-19.58,2.77,-0.24,-1.08,-0.2,  O9III             ,0,0.001,0.025,22,130,AB  
6148, 27Bet Her,BD+21 2934 ,148856,84411,247.555,21.4897,16 30 13.2,+21 29 23,39.01,40.21,2.77,0.94,0.69,0.47,  G7IIIa            ,-0.098,-0.015,0.024,-26,19,    
6603, 60Bet Oph,BD+04 3489 ,161096,122671,265.8683,4.5672,17 43 28.4,+04 34 02,29.21,17.19,2.77,1.16,1.24,0.57,  K2III             ,-0.04,0.159,0.033,-12,17,    
1666, 67Bet Eri,BD-05 1162 ,33111,131794,76.9625,-5.0864,05 07 51.0,-05 05 11,205.34,-25.31,2.79,0.13,0.1,0.08,  A3III             ,-0.095,-0.081,0.05,-9,179,    
6536, 23Bet Dra,BD+52 2065 ,159181,30429,262.6083,52.3014,17 30 26.0,+52 18 05,79.58,33.31,2.79,0.98,0.64,0.48,  G2Ib-IIa          ,-0.016,0.015,0.013,-20,13,AB  
98,   Bet Hyi,CP-77   16 ,2151,255670,6.4379,-77.2542,00 25 45.1,-77 15 15,304.81,-39.77,2.8,0.62,0.11,0.34,  G2IV              ,2.215,0.324,0.153,23,   ,    
3185, 15Rho Pup,CD-23 6828 ,67523,175217,121.8858,-24.3042,08 07 32.6,-24 18 15,243.15,4.4,2.81,0.43,0.19,0.21,  F6IIpDel Del      ,-0.083,0.049,0.035,46,14,    
6212, 40Zet Her,BD+31 2884 ,150680,65485,250.3217,31.6031,16 41 17.2,+31 36 11,52.66,40.28,2.81,0.65,0.21,0.32,  G0IV              ,-0.47,0.394,0.102,-70,10,    
6913, 22Lam Sgr,CD-2513149 ,169916,186841,276.9925,-25.4217,18 27 58.2,-25 25 18,7.66,-6.52,2.81,1.04,0.89,0.56,  K1+IIIb           ,-0.044,-0.185,0.053,-43,   ,    
6165, 23Tau Sco,CD-2711015 ,149438,184481,248.9708,-28.2161,16 35 53.0,-28 12 58,351.54,12.81,2.82,-0.25,-1.03,-0.25,  B0V               ,-0.008,-0.022,0.02,2,24,    
4932, 47Eps Vir,BD+11 2529 ,113226,100384,195.5442,10.9592,13 02 10.6,+10 57 33,312.34,73.63,2.83,0.94,0.73,0.45,  G8IIIab           ,-0.273,0.02,0.043,-14,17,    
1829,  9Bet Lep,BD-20 1096 ,36079,170457,82.0612,-20.7594,05 28 14.7,-20 45 34,223.56,-27.2,2.84,0.82,0.46,0.44,  G5II              ,-0.004,-0.089,0.02,-14,11,AB  
5897,   Bet TrA,CP-63 3723 ,141891,253346,238.7854,-63.4306,15 55 08.5,-63 25 50,321.85,-7.52,2.85,0.29,0.05,0.15,  F2III             ,-0.191,-0.398,0.083,0,92,    
6461,   Bet Ara,CP-55 8100 ,157244,244725,261.325,-55.53,17 25 18.0,-55 31 48,335.37,-11.01,2.85,1.46,1.56,0.53,  K3Ib-IIa          ,-0.008,-0.025,0.034,0,   ,    
591,   Alp Hyi,CP-62  162 ,12311,248474,29.6925,-61.5697,01 58 46.2,-61 34 11,289.45,-53.76,2.86,0.28,0.14,0.14,  F0V               ,0.264,0.027,0.048,1,153,    
8502,   Alp Tuc,CP-60 7561 ,211416,255193,334.6254,-60.2597,22 18 30.1,-60 15 35,330.22,-47.96,2.86,1.39,1.54,0.73,  K3III             ,-0.072,-0.043,0.026,42,   ,    
7528, 18Del Cyg,BD+44 3234 ,186882,48796,296.2437,45.1308,19 44 58.5,+45 07 51,78.71,10.24,2.87,-0.03,-0.1,-0.02,  B9.5IV+F1V        ,0.053,0.047,0.03,-20,149,AB  
8322, 49Del Cap,BD-16 5943 ,207098,164644,326.76,-16.1272,21 47 02.4,-16 07 38,37.6,-46.01,2.87,0.29,0.09,0.17,  Am                ,0.263,-0.297,0.087,-6,87,    
2890, 66Alp Gem,BD+32 1581 ,60178,60198,113.65,31.8886,07 34 36.0,+31 53 19,187.44,22.48,2.88,0.04,0.02,     ,  A2Vm              ,-0.172,-0.099,0.067,-1,30,AB  
2286, 13Mu  Gem,BD+22 1304 ,44478,78297,95.74,22.5136,06 22 57.6,+22 30 49,189.72,4.17,2.88,1.64,1.85,1.38,  M3IIIab           ,0.054,-0.111,0.02,55,   ,AxBC
7264, 41Pi  Sgr,BD-21 5275 ,178524,187756,287.4408,-21.0236,19 09 45.8,-21 01 25,15.89,-13.29,2.89,0.35,0.22,0.24,  F2II              ,0,-0.035,0.026,-10,28,AB  
4915, 12Alp2CVn,BD+39 2580 ,112413,63257,194.0071,38.3183,12 56 01.7,+38 19 06,118.29,78.77,2.9,-0.12,-0.32,-0.06,  A0pSiEuHg         ,-0.234,0.056,0.027,-3,29,    
2845,  3Bet CMi,BD+08 1774 ,58715,115456,111.7875,8.2894,07 27 09.0,+08 17 22,209.52,11.68,2.9,-0.09,-0.28,-0.06,  B8Ve              ,-0.052,-0.038,0.019,22,276,AE  
915, 23Gam Per,BD+52  654 ,18925,23789,46.1992,53.5064,03 04 47.8,+53 30 23,142.07,-4.34,2.93,0.7,0.45,0.45,  G8III+A2V         ,0,-0.005,0.016,3,50,AB  
8650, 44Eta Peg,BD+29 4741 ,215182,90734,340.7504,30.2214,22 43 00.1,+30 13 17,92.5,-24.95,2.94,0.86,0.55,0.48,  G2II-III+F0V      ,0.015,-0.025,0.017,4,9,AxBC
4757,  7Del Crv,BD-15 3482 ,108767,157323,187.4662,-16.5156,12 29 51.9,-16 30 56,295.48,46.05,2.95,-0.05,-0.09,-0.04,  B9.5V             ,-0.21,-0.138,0.024,9,148,    
8414, 34Alp Aqr,BD-01 4246 ,209750,145862,331.4458,-0.3197,22 05 47.0,-00 19 11,59.93,-42.07,2.96,0.98,0.74,0.49,  G2Ib              ,0.02,-0.01,0.012,8,17,    
2473, 27Eps Gem,BD+25 1406 ,48329,78682,100.9829,25.1311,06 43 55.9,+25 07 52,189.54,9.63,2.98,1.4,1.46,0.61,  G8Ib              ,-0.006,-0.013,0.017,10,17,    
7235, 17Zet Aql,BD+13 3899 ,177724,104461,286.3525,13.8633,19 05 24.6,+13 51 48,46.86,3.25,2.99,0.01,-0.01,0,  A0Vn              ,-0.005,-0.096,0.045,-25,331,AC  
6746, 10Gam2Sgr,CD-3015215 ,165135,209696,271.4521,-30.4242,18 05 48.5,-30 25 27,0.92,-4.54,2.99,1,0.77,0.51,  K0III             ,-0.053,-0.185,0.025,22,   ,    
622,  4Bet Tri,BD+34  381 ,13161,55306,32.3858,34.9872,02 09 32.6,+34 59 14,140.55,-25.2,3,0.14,0.1,0.08,  A5III             ,0.15,-0.04,0.022,10,76,    
5020, 46Gam Hya,BD-22 3554 ,115659,181543,199.7304,-23.1717,13 18 55.3,-23 10 18,311.1,39.26,3,0.92,0.66,0.47,  G8-IIIa           ,0.064,-0.045,0.027,-5,17,    
4630,  2Eps Crv,BD-21 3487 ,105707,180531,182.5312,-22.6197,12 10 07.5,-22 37 11,290.59,39.26,3,1.33,1.47,0.64,  K2.5IIIaBa0.2:    ,-0.071,0.014,0.027,5,   ,    
1122, 39Del Per,BD+47  876 ,22928,39053,55.7313,47.7875,03 42 55.5,+47 47 15,150.28,-5.77,3.01,-0.13,-0.51,-0.11,  B5IIIe            ,0.028,-0.034,0.016,4,259,    
8353,   Gam Gru,CD-3714536 ,207971,213374,328.4821,-37.365,21 53 55.7,-37 21 54,6.11,-51.47,3.01,-0.12,-0.37,-0.06,  B8III             ,0.102,-0.021,0.013,-2,68,    
3890,   Ups Car,CP-64 1084 ,85123,250695,146.7754,-65.0719,09 47 06.1,-65 04 19,285.04,-8.82,3.01,0.28,0.18,     ,  A6Ib              ,-0.012,0.011,0.027,14,0,    
5435, 27Gam Boo,BD+38 2565 ,127762,64203,218.0196,38.3083,14 32 04.7,+38 18 30,67.26,66.17,3.03,0.19,0.12,0.08,  A7III             ,-0.114,0.153,0.025,-37,139,    
6615,   Iot1Sco,CD-4011838 ,161471,228420,266.8962,-40.1269,17 47 35.1,-40 07 37,350.61,-6.13,3.03,0.51,0.27,     ,  F2Iae             ,0,-0.008,0.019,-28,36,    
681, 68Omi Cet,BD-03  353 ,14386,129825,34.8362,-2.9775,02 19 20.7,-02 58 39,167.75,-57.98,3.04,1.42,1.09,1.9,  M7IIIe+Bep        ,-0.008,-0.237,0.024,64,   ,AC  
4844,   Bet Mus,CP-67 2064 ,110879,252019,191.5704,-68.1081,12 46 16.9,-68 06 29,302.45,-5.24,3.05,-0.18,-0.74,-0.21,  B2.5V             ,-0.039,-0.017,0.015,42,184,    
4069, 34Mu  UMa,BD+42 2115 ,89758,43310,155.5821,41.4994,10 22 19.7,+41 29 58,177.9,56.36,3.05,1.59,1.89,0.96,  M0III             ,-0.082,0.035,0.035,-21,   ,    
7310, 57Del Dra,BD+67 1129 ,180711,18222,288.1387,67.6617,19 12 33.3,+67 39 42,98.65,23,3.07,1,0.78,0.51,  G9III             ,0.094,0.093,0.032,25,17,    
7417,  6Bet1Cyg,BD+27 3410 ,183912,87301,292.6804,27.9597,19 30 43.3,+27 57 35,62.11,4.57,3.08,1.13,0.62,0.66,  K3II+B9.5V        ,0.002,-0.002,0.017,-24,25,AB  
3547, 16Zet Hya,BD+06 2060 ,76294,117264,133.8483,5.9456,08 55 23.6,+05 56 44,222.34,30.2,3.11,1,0.8,0.49,  G9II-III          ,-0.099,0.014,0.035,23,17,    
7869,   Alp Ind,CD-4713477 ,196171,230300,309.3917,-47.2914,20 37 34.0,-47 17 29,352.57,-37.21,3.11,1,0.79,0.36,  K0IIICNIII-IV     ,0.053,0.066,0.046,-1,   ,AB  
4232,   Nu  Hya,BD-15 3138 ,93813,156256,162.4062,-16.1936,10 49 37.5,-16 11 37,265.05,37.56,3.11,1.25,1.3,0.64,  K2III             ,0.094,0.2,0.028,-1,17,    
6832,   Eta Sgr,CD-3612423 ,167618,209957,274.4067,-36.7617,18 17 37.6,-36 45 42,356.44,-9.68,3.11,1.56,1.71,1.32,  M3.5III           ,-0.128,-0.167,0.045,1,   ,AB  
2040,   Bet Col,CD-35 2546 ,39425,196240,87.74,-35.7683,05 50 57.6,-35 46 06,241.35,-27.06,3.12,1.16,1.21,0.58,  K2III             ,0.059,0.401,0.023,89,   ,    
3705, 40Alp Lyn,BD+35 1979 ,80493,61414,140.2637,34.3925,09 21 03.3,+34 23 33,190.24,44.73,3.13,1.55,1.94,0.9,  K7IIIab           ,-0.221,0.019,0.025,38,   ,    
3803,          ,CP-56 2270 ,82668,237067,142.8054,-57.0344,09 31 13.3,-57 02 04,278.21,-4.11,3.13,1.55,1.89,0.89,  K5III             ,-0.032,0.004,0.022,-14,   ,    
6285,   Zet Ara,CP-55 7766 ,152786,244315,254.655,-55.9903,16 58 37.2,-55 59 25,332.8,-8.2,3.13,1.6,1.97,     ,  K3III             ,-0.019,-0.036,0.044,-6,   ,    
6410, 65Del Her,BD+25 3221 ,156164,84951,258.7579,24.8392,17 15 01.9,+24 50 21,46.83,31.42,3.14,0.08,0.08,0.03,  A3IV              ,-0.021,-0.157,0.044,-40,290,AB  
3569,  9Iot UMa,BD+48 1707 ,76644,42630,134.8017,48.0417,08 59 12.4,+48 02 30,171.51,40.84,3.14,0.19,0.07,0.07,  A7IV              ,-0.444,-0.226,0.075,9,151,AB  
6418, 67Pi  Her,BD+36 2844 ,156283,65890,258.7617,36.8092,17 15 02.8,+36 48 33,60.66,34.34,3.16,1.44,1.66,0.72,  K3IIab            ,-0.026,0.004,0.025,-26,17,    
1641, 10Eta Aur,BD+41 1058 ,32630,40026,76.6287,41.2344,05 06 30.9,+41 14 04,165.35,0.27,3.17,-0.18,-0.67,-0.17,  B3V               ,0.029,-0.068,0.022,7,132,    
6396, 22Zet Dra,BD+65 1170 ,155763,17365,257.1967,65.7147,17 08 47.2,+65 42 53,96.01,35.04,3.17,-0.12,-0.43,-0.12,  B6III             ,-0.02,0.022,0.023,-17,31,    
3775, 25The UMa,BD+52 1401 ,82328,27289,143.2142,51.6772,09 32 51.4,+51 40 38,165.45,45.66,3.17,0.46,0.02,0.27,  F6IV              ,-0.954,-0.531,0.052,15,12,    
5463,   Alp Cir,CP-64 2977 ,128898,252853,220.6267,-64.9753,14 42 30.4,-64 58 31,314.34,-4.59,3.19,0.24,0.12,0.1,  ApSrEuCr:         ,-0.192,-0.232,0.056,7,0,    
1543,  1Pi 3Ori,BD+06  762 ,30652,112106,72.46,6.9614,04 49 50.4,+06 57 41,191.45,-23.07,3.19,0.45,-0.01,0.26,  F6V               ,0.466,0.012,0.125,24,17,    
1654,  2Eps Lep,BD-22 1000 ,32887,170051,76.3654,-22.3711,05 05 27.7,-22 22 16,223.25,-32.73,3.19,1.46,1.78,0.81,  K5III             ,0.025,-0.074,0.011,1,   ,    
8115, 64Zet Cyg,BD+29 4348 ,202109,71070,318.2342,30.2269,21 12 56.2,+30 13 37,76.75,-12.45,3.2,0.99,0.76,0.48,  G8+III-IIIaBa0.6  ,0.001,-0.056,0.027,17,17,AC  
6299, 27Kap Oph,BD+09 3298 ,153210,121962,254.4171,9.375,16 57 40.1,+09 22 30,28.37,29.5,3.2,1.15,1.18,0.54,  K2III             ,-0.291,-0.01,0.031,-56,17,    
8974, 35Gam Cep,BD+76  928 ,222404,10818,354.8367,77.6325,23 39 20.8,+77 37 57,118.99,15.31,3.21,1.03,0.94,0.51,  K1III-IV          ,-0.067,0.151,0.064,-42,17,    
6630,          ,CD-3711907 ,161892,209318,267.4646,-37.0433,17 49 51.5,-37 02 36,353.5,-4.94,3.21,1.17,1.19,     ,  K2III             ,0.049,0.033,0.04,25,   ,AC  
8238,  8Bet Cep,BD+69 1173 ,205021,10057,322.165,70.5608,21 28 39.6,+70 33 39,107.54,14.03,3.23,-0.22,-0.95,-0.22,  B1IV              ,0.01,0.007,0.014,-8,28,AB  
7710, 65The Aql,BD-01 3911 ,191692,144150,302.8262,-0.8214,20 11 18.3,-00 49 17,41.58,-18.08,3.23,-0.07,-0.14,-0.05,  B9.5III           ,0.038,0.004,0.012,-27,63,    
7178, 14Gam Lyr,BD+32 3286 ,176437,67663,284.7358,32.6894,18 58 56.6,+32 41 22,63.32,12.81,3.24,-0.05,-0.09,-0.01,  B9III             ,-0.002,0.002,0.021,-21,76,AC  
897,   The1Eri,CD-40  771 ,18622,216113,44.5654,-40.3047,02 58 15.7,-40 18 17,247.86,-60.74,3.24,0.14,0.14,0.08,  A4III             ,-0.045,0.019,0.035,12,74,    
6075,  2Eps Oph,BD-04 4086 ,146791,141086,244.5804,-4.6925,16 18 19.3,-04 41 33,8.56,30.81,3.24,0.96,0.75,0.49,  G9.5IIIbFe-0.5    ,0.085,0.041,0.043,-10,17,    
2878,   Sig Pup,CD-43 3260 ,59717,218755,112.3075,-43.3014,07 29 13.8,-43 18 05,255.74,-11.91,3.25,1.51,1.78,0.92,  K5III             ,-0.055,0.187,0.02,88,   ,    
6869, 58Eta Ser,BD-02 4599 ,168723,142241,275.3275,-2.8989,18 21 18.6,-02 53 56,26.91,5.36,3.26,0.94,0.66,0.5,  K0III-IV          ,-0.547,-0.7,0.058,9,19,    
1465,   Alp Dor,CP-55  663 ,29305,233564,68.4992,-55.045,04 33 59.8,-55 02 42,263.83,-41.42,3.27,-0.1,-0.35,-0.09,  A0IIISi           ,0.051,-0.003,0.018,26,82,    
8709, 76Del Aqr,BD-16 6173 ,216627,165375,343.6625,-15.8208,22 54 39.0,-15 49 15,49.58,-60.67,3.27,0.05,0.08,0.04,  A3V               ,-0.04,-0.025,0.038,18,71,    
2550,   Alp Pic,CP-61  720 ,50241,249647,102.0475,-61.9414,06 48 11.4,-61 56 29,271.92,-24.1,3.27,0.21,0.13,0.13,  A7IV              ,-0.069,0.269,0.052,21,205,    
5287, 49Pi  Hya,CD-2610095 ,123123,182244,211.5929,-26.6825,14 06 22.3,-26 40 57,323,33.25,3.27,1.12,1.04,0.55,  K2-III-IIIbFe-0.5 ,0.044,-0.139,0.049,27,   ,    
165, 31Del And,BD+30   91 ,3627,54058,9.8321,30.8608,00 39 19.7,+30 51 39,119.87,-31.94,3.27,1.28,1.48,0.66,  K3III             ,0.136,-0.091,0.028,-7,17,AB  
2216,  7Eta Gem,BD+22 1241 ,42995,78135,93.7192,22.5067,06 14 52.6,+22 30 24,188.85,2.52,3.28,1.6,1.66,1.31,  M3III             ,-0.068,-0.012,0.014,19,   , O  
5744, 12Iot Dra,BD+59 1654 ,137759,29520,231.2325,58.9661,15 24 55.8,+58 57 58,93.97,48.63,3.29,1.16,1.22,0.6,  K2III             ,-0.009,0.017,0.04,-11,17,    
5603, 20Sig Lib,CD-2411834 ,133216,183139,226.0175,-25.2819,15 04 04.2,-25 16 55,337.22,28.62,3.29,1.7,1.94,1.29,  M3-III            ,-0.073,-0.043,0.064,-4,   ,    
1702,  5Mu  Lep,BD-16 1072 ,33904,150237,78.2329,-16.2056,05 12 55.9,-16 12 20,217.25,-28.91,3.31,-0.11,-0.39,-0.12,  B9IIIpHgMn        ,0.043,-0.026,0.023,28,12,    
4660, 69Del UMa,BD+57 1363 ,106591,28315,183.8567,57.0325,12 15 25.6,+57 01 57,132.57,59.42,3.31,0.08,0.07,0,  A3V               ,0.104,0.009,0.061,-13,177,AB  
322,   Bet Phe,CD-47  324 ,6595,215365,16.5208,-46.7186,01 06 05.0,-46 43 07,295.51,-70.2,3.31,0.89,0.57,0.5,  G8III             ,-0.027,-0.001,0.021,-1,   ,AB  
7234, 40Tau Sgr,CD-2713564 ,177716,187683,286.735,-27.6706,19 06 56.4,-27 40 14,9.34,-15.37,3.32,1.19,1.15,0.59,  K1+IIIb           ,-0.053,-0.251,0.044,45,   ,    
6380,   Eta Sco,CD-4311485 ,155203,227707,258.0383,-43.2392,17 12 09.2,-43 14 21,344.37,-2.3,3.33,0.41,0.09,0.2,  F3III-IVp         ,0.024,-0.287,0.063,-28,150,    
4359, 70The Leo,BD+16 2234 ,97633,99512,168.56,15.4294,11 14 14.4,+15 25 46,235.37,64.59,3.34,-0.01,0.06,-0.03,  A2V               ,-0.061,-0.079,0.026,8,20,    
6698, 64Nu  Oph,BD-09 4632 ,163917,142004,269.7567,-9.7736,17 59 01.6,-09 46 25,18.17,6.98,3.34,0.99,0.88,0.48,  K0IIIaCN-1        ,-0.007,-0.116,0.021,13,17,    
1336,   Alp Ret,CP-62  332 ,27256,248969,63.6062,-62.4739,04 14 25.5,-62 28 26,274.32,-41.65,3.35,0.91,0.63,0.44,  G8II-III          ,0.045,0.045,0.013,36,   ,    
8465, 21Zet Cep,BD+57 2475 ,210745,34137,332.7137,58.2011,22 10 51.3,+58 12 04,103.06,1.67,3.35,1.57,1.71,0.78,  K1.5Ib            ,0.015,0.004,0.017,-18,17,    
7377, 30Del Aql,BD+02 3879 ,182640,124603,291.3746,3.1147,19 25 29.9,+03 06 53,39.62,-6.13,3.36,0.32,0.04,0.16,  F3IV              ,0.257,0.082,0.072,-30,85,AB  
2484, 31Xi  Gem,BD+13 1396 ,48737,96074,101.3225,12.8956,06 45 17.4,+12 53 44,200.74,4.5,3.36,0.43,0.06,0.23,  F5III             ,-0.116,-0.191,0.055,25,70,    
5107, 79Zet Vir,BD+00 3076 ,118098,139420,203.6733,-0.5958,13 34 41.6,-00 35 45,325.25,60.39,3.37,0.11,0.1,0.06,  A3V               ,-0.285,0.042,0.044,-13,173,    
3482, 11Eps Hya,BD+06 2036 ,74874,117112,131.6942,6.4189,08 46 46.6,+06 25 08,220.72,28.53,3.38,0.68,0.36,0.39,  G5III             ,-0.189,-0.051,0.027,36,19,AB  
4910, 43Del Vir,BD+04 2669 ,112300,119674,193.9008,3.3975,12 55 36.2,+03 23 51,305.53,66.25,3.38,1.58,1.78,1.33,  M3+III            ,-0.469,-0.054,0.022,-18,   ,    
921, 25Rho Per,BD+38  630 ,19058,56138,46.2942,38.8403,03 05 10.6,+38 50 25,149.6,-17.01,3.39,1.65,1.79,1.62,  M4II              ,0.13,-0.106,0.011,28,   ,    
8634, 42Zet Peg,BD+10 4797 ,214923,108103,340.3654,10.8314,22 41 27.7,+10 49 53,78.86,-40.66,3.4,-0.09,-0.25,-0.07,  B8V               ,0.08,-0.013,0.023,7,194,    
1412, 78The2Tau,BD+15  632 ,28319,93957,67.1654,15.8708,04 28 39.7,+15 52 15,180.35,-22.01,3.4,0.18,0.13,0.09,  A7III             ,0.103,-0.025,0.029,40,78,AB  
4050,          ,CP-60 1817 ,89388,250905,154.2708,-61.3322,10 17 05.0,-61 19 56,285.48,-3.8,3.4,1.54,1.72,0.77,  K3IIa             ,-0.024,0.005,0.027,8,   ,AB  
544,  2Alp Tri,BD+28  312 ,11443,74996,28.2704,29.5789,01 53 04.9,+29 34 44,138.64,-31.4,3.41,0.49,0.06,0.28,  F6IV              ,0.011,-0.235,0.057,-13,93,AC  
5649,   Zet Lup,CD-51 8830 ,134505,242304,228.0712,-52.0992,15 12 17.1,-52 05 57,323.76,4.98,3.41,0.92,0.66,     ,  G8III             ,-0.112,-0.073,0.043,-10,   ,    
7913,   Bet Pav,CP-66 3501 ,197051,254862,311.2396,-66.2031,20 44 57.5,-66 12 11,328.96,-36.01,3.42,0.16,0.12,     ,  A7III             ,-0.046,0.012,0.035,10,86,    
6623, 86Mu  Her,BD+27 2888 ,161797,85397,266.6146,27.7206,17 46 27.5,+27 43 14,52.45,25.63,3.42,0.75,0.39,0.38,  G5IV              ,-0.311,-0.751,0.108,-16,20,AxBC
7957,  3Eta Cep,BD+61 2050 ,198149,19019,311.3225,61.8389,20 45 17.4,+61 50 20,97.86,11.64,3.43,0.92,0.62,0.49,  K0IV              ,0.087,0.818,0.071,-87,17,    
7236, 16Lam Aql,BD-05 4876 ,177756,143021,286.5621,-4.8825,19 06 14.9,-04 52 57,30.26,-5.51,3.44,-0.09,-0.27,-0.09,  B9Vn              ,-0.017,-0.09,0.032,-12,176,    
4031, 36Zet Leo,BD+24 2209 ,89025,81265,154.1725,23.4172,10 16 41.4,+23 25 02,210.23,54.95,3.44,0.31,0.2,0.19,  F0III             ,0.018,-0.007,0.017,-16,84,    
219, 24Eta Cas,BD+57  150 ,4614,21732,12.275,57.8158,00 49 06.0,+57 48 57,122.6,-5.05,3.44,0.57,0.01,0.36,  F9V+dM0           ,1.1,-0.529,0.176,9,6,AB  
4033, 33Lam UMa,BD+43 2005 ,89021,43268,154.2742,42.9144,10 17 05.8,+42 54 52,175.87,55.09,3.45,0.03,0.06,-0.01,  A2IV              ,-0.164,-0.038,0.03,18,48,    
334, 31Eta Cet,BD-10  240 ,6805,147632,17.1475,-10.1822,01 08 35.4,-10 10 56,137.15,-72.58,3.45,1.16,1.19,0.58,  K1.5IIICN1Fe0.5   ,0.218,-0.138,0.041,12,17,    
804, 86Gam Cet,BD+02  422 ,16970,110707,40.825,3.2358,02 43 18.0,+03 14 09,168.92,-49.38,3.47,0.09,0.07,0.04,  A3V               ,-0.142,-0.152,0.052,-5,183,AB  
5681, 49Del Boo,BD+33 2561 ,135722,64589,228.8758,33.3147,15 15 30.2,+33 18 53,53.12,58.43,3.47,0.95,0.66,0.51,  G8IIIFe-1         ,0.086,-0.112,0.03,-12,19,    
7635, 12Gam Sge,BD+19 4229 ,189319,105500,299.6892,19.4922,19 58 45.4,+19 29 32,57.97,-5.21,3.47,1.57,1.93,0.92,  M0-III            ,0.066,0.024,0.013,-33,17,    
2646, 22Sig CMa,CD-27 3544 ,52877,172797,105.4296,-27.9347,07 01 43.1,-27 56 05,239.17,-10.27,3.47,1.73,1.88,1,  K7Ib              ,-0.005,0.005,0.024,22,   ,    
8684, 48Mu  Peg,BD+23 4615 ,216131,90816,342.5008,24.6017,22 50 00.2,+24 36 06,90.68,-30.56,3.48,0.93,0.68,0.47,  G8+III            ,0.147,-0.042,0.04,14,7,    
4377, 54Nu  UMa,BD+33 2098 ,98262,62486,169.6196,33.0942,11 18 28.7,+33 05 39,190.73,69.08,3.48,1.4,1.55,0.7,  K3-IIIBa0.3       ,-0.026,0.028,0.02,-9,19,    
8675,   Eps Gru,CD-5113389 ,215789,247593,342.1387,-51.3169,22 48 33.3,-51 19 01,338.31,-56.53,3.49,0.08,0.1,0.07,  A3V               ,0.108,-0.071,0.044,0,236,    
509, 52Tau Cet,BD-16  295 ,10700,147986,26.0171,-15.9375,01 44 04.1,-15 56 15,173.19,-73.43,3.5,0.72,0.21,0.47,  G8V               ,-1.718,0.856,0.275,-16,2,    
5602, 42Bet Boo,BD+40 2840 ,133208,45337,225.4867,40.3906,15 01 56.8,+40 23 26,67.62,60.04,3.5,0.97,0.72,0.44,  G8IIIaBa0.3Fe-0.5 ,-0.041,-0.028,0.037,-20,17,    
7150, 37Xi 2Sgr,BD-21 5201 ,175775,187504,284.4325,-21.1067,18 57 43.8,-21 06 24,14.61,-10.78,3.51,1.18,1.13,0.59,  K1III             ,0.033,-0.012,0.011,-20,   ,    
3852, 14Omi Leo,BD+10 2044 ,83808,98709,145.2875,9.8922,09 41 09.0,+09 53 32,224.6,42.06,3.52,0.49,0.21,0.23,  F6II+A1-5V        ,-0.142,-0.037,0.034,27,50,    
8694, 32Iot Cep,BD+65 1814 ,216228,20268,342.42,66.2006,22 49 40.8,+66 12 02,111.07,6.18,3.52,1.05,0.9,0.51,  K0-III            ,-0.065,-0.125,0.041,-12,19,    
3249, 17Bet Cnc,BD+09 1917 ,69267,116569,124.1287,9.1856,08 16 30.9,+09 11 08,214.25,23.05,3.52,1.48,1.77,0.78,  K4IIIBa0.5        ,-0.044,-0.049,0.012,22,17,    
8450, 26The Peg,BD+05 4961 ,210418,127340,332.55,6.1978,22 10 12.0,+06 11 52,67.41,-38.71,3.53,0.08,0.1,0.04,  A2Vp              ,0.276,0.027,0.049,-6,117,    
2777, 55Del Gem,BD+22 1645 ,56986,79294,110.0308,21.9822,07 20 07.4,+21 58 56,195.98,15.89,3.53,0.34,0.04,0.19,  F2IV              ,-0.026,-0.012,0.061,4,111, O  
6220, 44Eta Her,BD+39 3029 ,150997,65504,250.7242,38.9222,16 42 53.8,+38 55 20,62.28,40.9,3.53,0.92,0.6,0.48,  G7.5IIIbFe-1      ,0.037,-0.083,0.034,8,8,    
1409, 74Eps Tau,BD+18  640 ,28305,93954,67.1542,19.1803,04 28 37.0,+19 10 49,177.6,-19.92,3.53,1.01,0.88,0.5,  G9.5IIICN0.5      ,0.107,-0.038,0.02,39,8,    
6561, 55Xi  Ser,BD-15 4621 ,159876,160700,264.3967,-15.3986,17 37 35.2,-15 23 55,10.61,8.66,3.54,0.26,0.14,0.13,  F0IVDel Sct       ,-0.042,-0.058,0.03,-43,32,    
1136, 23Del Eri,BD-10  728 ,23249,130686,55.8121,-9.7633,03 43 14.9,-09 45 48,198.1,-46,3.54,0.92,0.69,0.5,  K0+IV             ,-0.092,0.745,0.109,-6,17,    
4450,   Xi  Hya,CD-31 9083 ,100407,202558,173.2504,-31.8578,11 33 00.1,-31 51 28,284.08,28.13,3.54,0.94,0.71,0.48,  G7III             ,-0.206,-0.04,0.027,-5,   ,    
1998, 14Zet Lep,BD-14 1232 ,38678,150801,86.7387,-14.8219,05 46 57.3,-14 49 19,219.4,-20.83,3.55,0.1,0.07,0.03,  A3Vn              ,-0.016,-0.001,0.049,20,202,    
7665,   Del Pav,CP-66 3474 ,190248,254733,302.1817,-66.1819,20 08 43.6,-66 10 55,329.79,-32.4,3.56,0.76,0.45,0.34,  G6-8IV            ,1.207,-1.131,0.17,-22,   ,    
4382, 12Del Crt,BD-13 3345 ,98430,156605,169.8354,-14.7786,11 19 20.5,-14 46 43,272.07,42.51,3.56,1.12,0.97,0.6,  G8III-IV          ,-0.122,0.208,0.024,-5,19,    
74,  8Iot Cet,BD-09   48 ,1522,128694,4.8571,-8.8239,00 19 25.7,-08 49 26,98.98,-70.19,3.56,1.22,1.25,0.59,  K1.5III           ,-0.014,-0.036,0.013,19,17,AC  
5705,   Phi1Lup,CD-3510236 ,136422,206552,230.4517,-36.2614,15 21 48.4,-36 15 41,333.96,17.39,3.56,1.54,1.88,0.87,  K5III             ,-0.089,-0.084,0.014,-29,   ,AC  
6927, 44Chi Dra,BD+72  839 ,170153,9087,275.2642,72.7328,18 21 03.4,+72 43 58,103.46,28.06,3.57,0.49,-0.06,0.31,  F7V               ,0.532,-0.35,0.12,33,11, *  
2985, 77Kap Gem,BD+24 1759 ,62345,79653,116.1117,24.3981,07 44 26.8,+24 23 53,195.85,21.97,3.57,0.93,0.69,0.45,  G8IIIa            ,-0.033,-0.052,0.026,21,8,    
7754,  6Alp2Cap,BD-12 5685 ,192947,163427,304.5137,-12.5447,20 18 03.3,-12 32 41,31.1,-24.81,3.57,0.94,0.69,0.48,  G8IIIb            ,0.064,0.004,0.034,0,17, *  
464, 51    And,BD+47  467 ,9927,37375,24.4983,48.6283,01 37 59.6,+48 37 42,130.81,-13.53,3.57,1.28,1.45,0.65,  K3-III            ,0.065,-0.113,0.021,16,17,    
2763, 54Lam Gem,BD+16 1443 ,56537,96746,109.5233,16.5403,07 18 05.6,+16 32 25,200.92,13.23,3.58,0.11,0.1,0.05,  A3V               ,-0.048,-0.037,0.047,-9,154, O  
5429, 25Rho Boo,BD+31 2628 ,127665,64202,217.9575,30.3714,14 31 49.8,+30 22 17,47.29,67.8,3.58,1.3,1.44,0.65,  K3-III            ,-0.1,0.119,0.029,-14,17,    
5794, 39Ups Lib,CD-2710464 ,139063,183619,234.2562,-28.135,15 37 01.5,-28 08 06,341.89,21.94,3.58,1.38,1.58,0.71,  K3III             ,-0.009,0.003,0.044,-25,   ,    
4700,   Eps Cru,CP-59 4188 ,107446,251862,185.34,-60.4011,12 21 21.6,-60 24 04,299.23,2.25,3.59,1.42,1.63,0.74,  K3-4III           ,-0.175,0.087,0.026,-5,   ,    
3594, 12Kap UMa,BD+47 1633 ,77327,42661,135.9062,47.1567,09 03 37.5,+47 09 24,172.63,41.63,3.6,0,0.01,0.01,  A1Vn              ,-0.033,-0.054,0.016,4,219,    
2540, 34The Gem,BD+34 1481 ,50019,59570,103.1971,33.9611,06 52 47.3,+33 57 40,182.1,15.02,3.6,0.1,0.14,0.08,  A3III             ,-0.002,-0.048,0.021,21,128,AB  
3786,   Psi Vel,CD-39 5580 ,82434,221234,142.675,-40.4667,09 30 42.0,-40 28 00,266.78,7.91,3.6,0.36,-0.03,0.22,  F3IV+F0IV         ,-0.182,0.073,0.065,9,201,    
1983, 13Gam Lep,BD-22 1211 ,38393,170759,86.1158,-22.4483,05 44 27.8,-22 26 54,226.79,-24.27,3.6,0.47,0,0.26,  F6V               ,-0.293,-0.37,0.128,-10,11,AB  
1030,  1Omi Tau,BD+08  511 ,21120,111172,51.2033,9.0289,03 24 48.8,+09 01 44,174.12,-38.16,3.6,0.89,0.61,0.45,  G6IIIFe-1         ,-0.066,-0.078,0.016,-21,17,    
402, 45The Cet,BD-08  244 ,8512,129274,21.0058,-8.1833,01 24 01.4,-08 11 00,146.59,-69.54,3.6,1.06,0.93,0.56,  K0III-IIIb        ,-0.079,-0.218,0.041,17,17,    
4540,  5Bet Vir,BD+02 2489 ,102870,119076,177.6737,1.7647,11 50 41.7,+01 45 53,270.5,60.75,3.61,0.55,0.11,0.28,  F9V               ,0.743,-0.271,0.104,5,3,AC  
3994, 41Lam Hya,BD-11 2820 ,88284,155785,152.6471,-12.3542,10 10 35.3,-12 21 15,253.01,34.5,3.61,1.01,0.92,0.48,  K0IIICN1          ,-0.202,-0.089,0.027,19,19,AC  
8762,  1Omi And,BD+41 4664 ,217675,52609,345.4804,42.3261,23 01 55.3,+42 19 34,102.21,-16.1,3.62,-0.09,-0.53,-0.08,  B6IIIpe+A2p       ,0.023,-0.006,0.015,-14,330, S  
437, 99Eta Psc,BD+14  231 ,9270,92484,22.8708,15.3458,01 31 29.0,+15 20 45,137.01,-46.43,3.62,0.97,0.75,0.5,  G7IIIa            ,0.028,-0.006,0.015,15,19,    
4923,   Del Mus,CP-70 1548 ,112985,257000,195.5675,-71.5489,13 02 16.2,-71 32 56,303.8,-8.69,3.62,1.18,1.26,0.59,  K2III             ,0.256,-0.021,0.03,37,   ,    
6582,   Eta Pav,CP-64 3662 ,160635,254020,266.4333,-64.7239,17 45 44.0,-64 43 26,328.4,-17.75,3.62,1.19,1.17,     ,  K2II              ,-0.014,-0.054,0.025,-8,   ,    
6271,   Zet2Sco,CD-4211646 ,152334,227402,253.6458,-42.3614,16 54 35.0,-42 21 41,343.1,0.79,3.62,1.37,1.65,0.68,  K4III             ,-0.124,-0.236,0.028,-19,   ,    
838, 41    Ari,BD+26  471 ,17573,75596,42.4958,27.2606,02 49 59.0,+27 15 38,152.98,-28.61,3.63,-0.1,-0.37,-0.11,  B8Vn              ,0.067,-0.118,0.034,4,180,AD  
7882,  6Bet Del,BD+14 4369 ,196524,106316,309.3875,14.5953,20 37 33.0,+14 35 43,58.88,-15.65,3.63,0.44,0.08,0.24,  F5IV              ,0.113,-0.033,0.028,-23,54,AB  
5291, 11Alp Dra,BD+65  978 ,123299,16273,211.0971,64.3758,14 04 23.3,+64 22 33,110.52,50.96,3.65,-0.05,-0.08,-0.07,  A0III             ,-0.055,0.018,0.018,-13,18,    
4825, 29Gam Vir,BD-00 2601 ,110379,138917,190.415,-1.4494,12 41 39.6,-01 26 58,297.85,61.33,3.65,0.36,-0.03,0.19,  F0V               ,-0.565,0.012,0.099,-20,28,AB  
1346, 54Gam Tau,BD+15  612 ,27371,93868,64.9483,15.6275,04 19 47.6,+15 37 39,179.08,-23.82,3.65,0.99,0.82,0.47,  K0-IIIabCN1       ,0.115,-0.025,0.028,39,8,    
5867, 28Bet Ser,BD+15 2911 ,141003,101725,236.5471,15.4219,15 46 11.3,+15 25 19,25.98,47.87,3.67,0.06,0.08,0.03,  A2IV              ,0.067,-0.045,0.041,-1,170,AB  
3757, 23    UMa,BD+63  845 ,81937,14908,142.8821,63.0619,09 31 31.7,+63 03 43,150.64,41.74,3.67,0.33,0.1,0.18,  F0IV              ,0.109,0.028,0.041,-10,140,AB  
5747,  3Bet CrB,BD+29 2670 ,137909,83831,231.9571,29.1058,15 27 49.7,+29 06 21,45.59,55.61,3.68,0.28,0.11,0.05,  F0p               ,-0.179,0.086,0.032,-19,19,    
8278, 40Gam Cap,BD-17 6340 ,206088,164560,325.0229,-16.6622,21 40 05.5,-16 39 44,36,-44.67,3.68,0.32,0.2,0.14,  F0p               ,0.19,-0.023,0.029,-31,30,    
8852,  6Gam Psc,BD+02 4648 ,219615,128085,349.2912,3.2822,23 17 09.9,+03 16 56,82.47,-52.02,3.69,0.92,0.58,0.51,  G9-III:Fe-2       ,0.762,0.017,0.036,-14,7,    
3884,          ,CP-61 1333 ,84810,250683,146.3117,-62.5078,09 45 14.8,-62 30 28,283.2,-7,3.69,1.22,0.85,0.68,  G5Iab-Ib          ,-0.014,0.007,0.027,3,   ,    
1142, 17    Tau,BD+23  507 ,23302,76131,56.2188,24.1133,03 44 52.5,+24 06 48,166.18,-23.85,3.7,-0.11,-0.4,-0.1,  B6III             ,0.019,-0.046,0.02,12,215,    
566,   Chi Eri,CP-52  241 ,11937,232573,28.9896,-51.6089,01 55 57.5,-51 36 32,280.88,-62.67,3.7,0.85,0.46,0.45,  G8IIIbCNIV        ,0.681,0.292,0.058,-6,   ,    
6703, 92Xi  Her,BD+29 3156 ,163993,85590,269.4412,29.2478,17 57 45.9,+29 14 52,54.91,23.77,3.7,0.94,0.7,0.46,  G8+III            ,0.084,-0.017,0.021,-2,19,    
5892, 37Eps Ser,BD+04 3069 ,141795,121218,237.7042,4.4778,15 50 49.0,+04 28 40,13.15,41.66,3.71,0.15,0.11,0.06,  A2Vm              ,0.128,0.063,0.041,-9,37,    
2085, 16Eta Lep,BD-14 1286 ,40136,150957,89.1012,-14.1678,05 56 24.3,-14 10 04,219.76,-18.47,3.71,0.33,0.01,0.16,  F1III             ,-0.042,0.139,0.066,-2,0,    
7602, 60Bet Aql,BD+06 4357 ,188512,125235,298.8283,6.4067,19 55 18.8,+06 24 24,46.13,-11.09,3.71,0.86,0.48,0.49,  G8IV              ,0.048,-0.482,0.07,-40,16,AC  
4518, 63Chi UMa,BD+48 1966 ,102224,43886,176.5125,47.7794,11 46 03.0,+47 46 46,150.32,65.72,3.71,1.18,1.16,0.6,  K0.5IIIb          ,-0.137,0.03,0.019,-9,19,    
5511,109    Vir,BD+02 2862 ,130109,120648,221.5621,1.8928,14 46 14.9,+01 53 34,355.28,52.68,3.72,-0.01,-0.03,-0.02,  A0V               ,-0.114,-0.026,0.037,-6,351,    
8130, 65Tau Cyg,BD+37 4240 ,202444,71121,318.6979,38.0456,21 14 47.5,+38 02 44,82.85,-7.43,3.72,0.39,0.02,0.24,  F2IV              ,0.16,0.435,0.055,-21,89,AB  
2077, 33Del Aur,BD+54  970 ,40035,25502,89.8817,54.2847,05 59 31.6,+54 17 05,158.95,14.69,3.72,1,0.87,0.5,  K0-III            ,0.081,-0.125,0.022,8,17,AB  
6771, 72    Oph,BD+09 3564 ,165777,123142,271.8375,9.5639,18 07 21.0,+09 33 50,36.59,14.09,3.73,0.12,0.1,0.05,  A4IV s            ,-0.06,0.08,0.047,-24,80,AD  
1084, 18Eps Eri,BD-09  697 ,22049,130564,53.2325,-9.4583,03 32 55.8,-09 27 30,195.86,-48.04,3.73,0.88,0.59,0.47,  K2V               ,-0.974,0.021,0.303,15,17,    
3080,          ,CD-40 3579 ,64440,219082,118.0542,-40.5758,07 52 13.0,-40 34 33,255.35,-6.86,3.73,1.04,0.78,0.56,  K1-2II+A0         ,-0.01,0.003,0.031,24,   ,    
539, 55Zet Cet,BD-11  359 ,11353,148059,27.865,-10.335,01 51 27.6,-10 20 06,165.88,-68.05,3.73,1.14,1.07,0.55,  K0IIIBa0.1        ,0.041,-0.039,0.031,9,19,    
8698, 73Lam Aqr,BD-08 5968 ,216386,146362,343.1537,-7.5797,22 52 36.9,-07 34 47,62.19,-55.73,3.74,1.64,1.74,1.19,  M2.5IIIaFe-1      ,0.011,0.037,0.017,-9,   ,    
6629, 62Gam Oph,BD+02 3403 ,161868,122754,266.9733,2.7072,17 47 53.6,+02 42 26,28.02,15.36,3.75,0.04,0.04,0,  A0Vnp             ,-0.022,-0.074,0.039,-7,205,    
6095, 20Gam Her,BD+19 3086 ,147547,102107,245.48,19.1531,16 21 55.2,+19 09 11,35.26,41.3,3.75,0.27,0.18,0.14,  A9III             ,-0.047,0.043,0.024,-35,141,AB  
8571, 27Del Cep,BD+57 2548 ,213306,34508,337.2929,58.4153,22 29 10.3,+58 24 55,105.19,0.53,3.75,0.6,     ,0.4,  F5Ib-G2Ib         ,0.015,0.001,0.011,-15,9,AC  
6688, 32Xi  Dra,BD+56 2033 ,163588,30631,268.3821,56.8728,17 53 31.7,+56 52 22,85.17,30.23,3.75,1.18,1.21,0.59,  K2-III            ,0.094,0.08,0.035,-26,17,    
3614,          ,CD-46 4883 ,78004,220803,136.0387,-47.0978,09 04 09.3,-47 05 52,268.2,-0.14,3.75,1.2,1.22,0.6,  K2III             ,-0.044,-0.013,0.02,24,   ,    
8430, 24Iot Peg,BD+24 4533 ,210027,90238,331.7529,25.345,22 07 00.7,+25 20 42,82.26,-24.26,3.76,0.44,-0.04,0.25,  F5V               ,0.298,0.025,0.082,-4,7,    
1922,   Bet Dor,CP-62  487 ,37350,249311,83.4062,-62.4897,05 33 37.5,-62 29 23,271.73,-32.77,3.76,0.82,0.55,0.43,  F6Ia              ,0.002,0.009,0.012,7,0,    
1373, 61Del1Tau,BD+17  712 ,27697,93897,65.7337,17.5425,04 22 56.1,+17 32 33,178.01,-22.01,3.76,0.98,0.82,0.47,  K0-IIICN0.5       ,0.107,-0.03,0.021,39,8,AB  
8254,   Nu  Oct,CP-77 1510 ,205478,257948,325.3687,-77.39,21 41 28.5,-77 23 24,314.29,-35.19,3.76,1,0.89,     ,  K0III             ,0.045,-0.24,0.053,34,   , *  
6229,   Eta Ara,CP-58 6906 ,151249,244168,252.4462,-59.0414,16 49 47.1,-59 02 29,329.64,-9.16,3.76,1.57,1.94,     ,  K5III             ,0.038,-0.028,0.025,9,   ,    
7950,  2Eps Aqr,BD-10 5506 ,198001,144810,311.9192,-9.4958,20 47 40.6,-09 29 45,37.68,-30.1,3.77,0,0.02,0,  A1V               ,0.035,-0.034,0.021,-16,98,    
8585,  7Alp Lac,BD+49 3875 ,213558,34542,337.8229,50.2825,22 31 17.5,+50 16 57,101.26,-6.6,3.77,0.01,0,-0.03,  A1V               ,0.138,0.019,0.04,-4,146,    
1135, 41Nu  Per,BD+42  815 ,23230,39078,56.2983,42.5786,03 45 11.6,+42 34 43,153.83,-9.63,3.77,0.42,0.31,0.26,  F5II              ,-0.014,-0.002,0.02,-13,44,    
7328,  1Kap Cyg,BD+53 2216 ,181276,31537,289.2758,53.3686,19 17 06.2,+53 22 07,84.4,17.85,3.77,0.96,0.74,0.47,  G9III             ,0.059,0.125,0.024,-29,17,    
7217, 39Omi Sgr,BD-21 5237 ,177241,187643,286.1708,-21.7417,19 04 41.0,-21 44 30,14.71,-12.51,3.77,1.01,0.85,0.53,  G9IIIb            ,0.08,-0.06,0.044,25,   ,    
3347,   Bet Vol,CP-65  933 ,71878,250228,126.4342,-66.1369,08 25 44.2,-66 08 13,280.26,-15.84,3.77,1.13,1.14,0.56,  K1III             ,-0.036,-0.155,0.042,27,   ,    
4257,          ,CP-58 2834 ,94510,238574,163.3733,-58.8533,10 53 29.6,-58 51 12,288.18,0.6,3.78,0.95,0.65,0.49,  K1III             ,0.067,0.03,0.059,8,   ,AB  
2736,   Gam2Vol,CP-70  600 ,55865,256374,107.1871,-70.4989,07 08 44.9,-70 29 56,281.56,-24.04,3.78,1.04,0.88,     ,  K0III             ,0.023,0.106,0.016,3,   ,    
2821, 60Iot Gem,BD+28 1385 ,58207,79374,111.4317,27.7981,07 25 43.6,+27 47 53,190.85,19.27,3.79,1.03,0.85,0.5,  G9IIIbHdel -1     ,-0.123,-0.086,0.032,8,9,    
5788, 13Del Ser,BD+11 2821 ,138917,101623,233.7004,10.5375,15 34 48.1,+10 32 15,17.59,48.19,3.8,0.26,0.13,     ,  F0IV              ,-0.074,-0.005,0.021,-38,70,AB  
5789, 13Del Ser,BD+11 2821 ,138918,101624,233.7004,10.5392,15 34 48.1,+10 32 21,17.59,48.19,3.8,0.26,0.12,0.11,  F0IV              ,-0.074,0.012,0.021,-42,80,AB  
3888, 29Ups UMa,BD+59 1268 ,84999,27401,147.7475,59.0386,09 50 59.4,+59 02 19,154.31,45.58,3.8,0.29,0.1,0.16,  F2IV              ,-0.293,-0.151,0.041,27,110,    
941, 27Kap Per,BD+44  631 ,19476,38609,47.3742,44.8572,03 09 29.8,+44 51 26,147.12,-11.43,3.8,0.98,0.83,0.5,  K0III             ,0.177,-0.157,0.033,29,17,    
2035, 15Del Lep,BD-20 1211 ,39364,170926,87.8304,-20.8792,05 51 19.3,-20 52 45,225.82,-22.22,3.81,0.99,0.68,0.56,  K0IIIFe-1.5CH0.5  ,0.227,-0.649,0.022,99,0,    
4094, 42Mu  Hya,BD-16 3052 ,90432,155980,156.5225,-16.8364,10 26 05.4,-16 50 11,259.99,33.65,3.81,1.48,1.82,0.83,  K4.5III           ,-0.128,-0.08,0.018,40,19,    
3690, 38    Lyn,BD+37 1965 ,80081,61391,139.7112,36.8025,09 18 50.7,+36 48 09,186.81,44.47,3.82,0.06,0.06,0.03,  A3V               ,-0.03,-0.122,0.042,4,165,AB  
8961, 16Lam And,BD+45 4283 ,222107,53204,354.3912,46.4581,23 37 33.9,+46 27 29,109.9,-14.53,3.82,1.01,0.69,0.57,  G8III-IV          ,0.162,-0.421,0.05,7,19,AC  
1131, 38Omi Per,BD+31  642 ,23180,56673,56.0796,32.2883,03 44 19.1,+32 17 18,160.36,-17.74,3.83,0.05,-0.75,0,  B1III             ,0.007,-0.011,0.023,19,85,    
7582, 63Eps Dra,BD+69 1070 ,188119,9540,297.0433,70.2678,19 48 10.4,+70 16 04,102.43,20.83,3.83,0.89,0.52,0.48,  G7IIIbCN-2        ,0.082,0.037,0.016,3,19,    
4247, 46    LMi,BD+34 2172 ,94264,62297,163.3279,34.215,10 53 18.7,+34 12 54,190,63.73,3.83,1.04,0.91,0.54,  K0+III-IV         ,0.087,-0.278,0.024,16,19,    
5470,   Alp Aps,CP-78  893 ,129078,257193,221.965,-79.0447,14 47 51.6,-79 02 41,308.49,-17.45,3.83,1.43,1.68,0.53,  K3IIIa            ,-0.012,-0.015,0.029,-1,   ,    
8518, 48Gam Aqr,BD-02 5741 ,212061,146044,335.4142,-1.3872,22 21 39.4,-01 23 14,62.18,-45.84,3.84,-0.05,-0.12,-0.04,  A0V               ,0.132,0.007,0.046,-15,57,    
5849,  8Gam CrB,BD+26 2722 ,140436,83958,235.6858,26.2956,15 42 44.6,+26 17 44,41.74,51.92,3.84,0,-0.04,-0.02,  B9IV+A3V          ,-0.105,0.045,0.033,-11,112,    
4167,          ,CD-47 6042 ,92139,222199,159.3254,-48.2258,10 37 18.1,-48 13 33,281.06,8.87,3.84,0.3,0.07,0.16,  F4IV+F3           ,-0.155,-0.017,0.04,19,0,    
3445,          ,CD-46 4438 ,74180,220265,130.1567,-46.6489,08 40 37.6,-46 38 56,265.28,-2.95,3.84,0.71,0.3,0.6,  F3Ia              ,0,0.003,0.031,25,38,    
1411, 77The1Tau,BD+15  631 ,28307,93955,67.1437,15.9622,04 28 34.5,+15 57 44,180.26,-21.97,3.84,0.95,0.73,0.47,  K0IIIbFe-0.5      ,0.103,-0.027,0.038,40,8,AB  
6895,109    Her,BD+21 3411 ,169414,86003,275.9246,21.7697,18 23 41.9,+21 46 11,49.77,15.6,3.84,1.18,1.17,0.6,  K2.5IIIab         ,0.196,-0.242,0.025,-58,17,    
4434,  1Lam Dra,BD+70  665 ,100029,15532,172.8508,69.3311,11 31 24.2,+69 19 52,132.98,46.2,3.84,1.62,1.97,0.99,  M0IIICa-1         ,-0.039,-0.017,0.026,7,   ,    
4133, 47Rho Leo,BD+10 2166 ,91316,118355,158.2029,9.3067,10 32 48.7,+09 18 24,234.89,52.77,3.85,-0.14,-0.96,-0.16,  B1Ib              ,-0.007,-0.003,0.011,42,61,    
4023,          ,CD-41 5713 ,88955,221895,153.6842,-42.1219,10 14 44.2,-42 07 19,274.33,11.88,3.85,0.05,0.06,0.02,  A2V               ,-0.145,0.045,0.034,7,91,    
2020,   Bet Pic,CD-51 1620 ,39060,234134,86.8212,-51.0664,05 47 17.1,-51 03 59,258.37,-30.61,3.85,0.17,0.1,0.16,  A5V               ,0.011,0.085,0.061,20,139,    
5933, 41Gam Ser,BD+16 2849 ,142860,101826,239.1133,15.6617,15 56 27.2,+15 39 42,27.75,45.71,3.85,0.48,-0.03,0.24,  F6V               ,0.312,-1.281,0.069,7,8,AB  
2296,   Del Col,CD-33 2927 ,44762,196735,95.5283,-33.4364,06 22 06.8,-33 26 11,241.03,-20.24,3.85,0.88,0.52,0.47,  G7II              ,-0.024,-0.055,0.019,-3,   ,    
6030,   Del TrA,CP-63 3854 ,145544,253474,243.8596,-63.6856,16 15 26.3,-63 41 08,323.36,-9.23,3.85,1.11,0.86,0.39,  G2Ib-IIa          ,0.002,-0.011,0.029,-5,   ,    
1175,   Bet Ret,CP-65  263 ,23817,248877,56.05,-64.8069,03 44 12.0,-64 48 25,279.24,-43.54,3.85,1.13,1.1,0.56,  K2+III            ,0.313,0.076,0.042,51,   ,    
6973,   Alp Sct,BD-08 4638 ,171443,142408,278.8017,-8.2442,18 35 12.4,-08 14 39,23.76,-0.17,3.85,1.33,1.54,0.68,  K3-III-IIIb       ,-0.015,-0.312,0.016,36,17,    
4802,   Tau Cen,CD-47 7745 ,109787,223560,189.4258,-48.5411,12 37 42.2,-48 32 28,300.59,14.27,3.86,0.05,0.03,0.04,  A2V               ,-0.184,-0.005,0.024,5,281,    
6812, 13Mu  Sgr,BD-21 4908 ,166937,186497,273.4408,-21.0589,18 13 45.8,-21 03 32,10,-1.6,3.86,0.23,-0.49,0.2,  B8Iap             ,0.002,0.001,0.012,-6,54,    
1326,   Alp Hor,CD-42 1425 ,26967,216710,63.5004,-42.2944,04 14 00.1,-42 17 40,246.88,-46.41,3.86,1.1,1,0.59,  K1III             ,0.046,-0.209,0.026,22,   ,    
4787,  5Kap Dra,BD+70  703 ,109387,7593,188.3708,69.7883,12 33 29.0,+69 47 18,125.21,47.26,3.87,-0.13,-0.57,-0.08,  B6IIIpe           ,-0.059,0.012,0.013,-11,249,    
269, 37Mu  And,BD+37  175 ,5448,54281,14.1883,38.4994,00 56 45.2,+38 29 58,124.07,-24.36,3.87,0.13,0.15,0.08,  A5V               ,0.152,0.033,0.039,8,72,AD  
963,   Alp For,CD-29 1177 ,20010,168373,48.0179,-28.9869,03 12 04.3,-28 59 13,224.75,-59.04,3.87,0.52,0.02,0.31,  F8V               ,0.339,0.64,0.075,-21,0,    
1481, 53    Eri,BD-14  933 ,29503,149781,69.545,-14.3039,04 38 10.8,-14 18 14,211.32,-35.89,3.87,1.09,1.01,0.56,  K2IIIb            ,-0.075,-0.156,0.044,42,17,    
3665, 22The Hya,BD+02 2167 ,79469,117527,138.5912,2.3142,09 14 21.9,+02 18 51,228.77,32.53,3.88,-0.06,-0.12,-0.05,  B9.5V             ,0.129,-0.31,0.027,-10,81,AB  
5487,107Mu  Vir,BD-05 3936 ,129502,140090,220.765,-5.6583,14 43 03.6,-05 39 30,346.55,47.54,3.88,0.38,-0.02,0.22,  F2III             ,0.109,-0.316,0.045,5,54,    
25,   Eps Phe,CD-46   18 ,496,214983,2.3529,-45.7475,00 09 24.7,-45 44 51,324.34,-69.6,3.88,1.03,0.84,0.52,  K0III             ,0.124,-0.181,0.066,-9,   ,    
5089,          ,CD-38 8592 ,117440,204545,202.7612,-39.4075,13 31 02.7,-39 24 27,311.22,22.83,3.88,1.17,1.03,0.59,  G9Ib*             ,-0.012,-0.015,0.012,-2,   ,    
3905, 24Mu  Leo,BD+26 2019 ,85503,81064,148.1908,26.0069,09 52 45.8,+26 00 25,204.05,50.25,3.88,1.22,1.39,0.58,  K2IIICN1Ca1       ,-0.216,-0.056,0.025,14,17,    
4390,   Pi  Cen,CP-53 4498 ,98718,238986,170.2517,-54.4911,11 21 00.4,-54 29 28,289.96,6.09,3.89,-0.15,-0.59,-0.17,  B5Vn              ,-0.036,-0.006,0.011,9,326,    
6092, 22Tau Her,BD+46 2169 ,147394,46028,244.935,46.3133,16 19 44.4,+46 18 48,72.48,45.04,3.89,-0.15,-0.56,-0.17,  B5IV              ,-0.011,0.04,0.03,-14,32,    
4689, 15Eta Vir,BD+00 2926 ,107259,138721,184.9767,-0.6669,12 19 54.4,-00 40 01,286.4,61.19,3.89,0.02,0.06,0,  A2IV              ,-0.063,-0.018,0.016,2,34,    
6102,   Gam Aps,CP-78 1103 ,147675,257407,248.3625,-78.8972,16 33 27.0,-78 53 50,312.69,-20.51,3.89,0.91,0.62,     ,  G8-K0III          ,-0.131,-0.076,0.056,5,   ,    
7615, 21Eta Cyg,BD+34 3798 ,188947,69116,299.0767,35.0833,19 56 18.4,+35 05 00,71.02,3.36,3.89,1.02,0.89,0.52,  K0III             ,-0.032,-0.027,0.015,-27,19,AC  
874,  3Eta Eri,BD-09  553 ,18322,130197,44.1071,-8.8981,02 56 25.7,-08 53 53,187.15,-55.31,3.89,1.11,1,0.58,  K1-IIIbBa0.2:     ,0.079,-0.22,0.033,-20,17,    
3314,          ,BD-03 2339 ,71155,135896,126.415,-3.9064,08 25 39.6,-03 54 23,227.78,18.89,3.9,-0.02,-0.02,-0.05,  A0V               ,-0.066,-0.023,0.026,10,125,    
8820,   Iot Gru,CD-4514947 ,218670,231468,347.59,-45.2467,23 10 21.6,-45 14 48,344.27,-62.93,3.9,1.02,0.86,0.53,  K1III             ,0.136,-0.03,0.03,-4,   ,    
1251, 38Nu  Tau,BD+05  581 ,25490,111579,60.7892,5.9892,04 03 09.4,+05 59 21,184.68,-33.06,3.91,0.03,0.07,0,  A1V               ,0.005,-0.003,0.03,-6,69,    
5787, 38Gam Lib,BD-14 4237 ,138905,159370,233.8817,-14.7894,15 35 31.6,-14 47 22,351.51,32.2,3.91,1.01,0.74,0.55,  G8.5III           ,0.065,0.009,0.041,-28,17,AP  
3845, 35Iot Hya,BD-00 2231 ,83618,137035,144.9642,-1.1428,09 39 51.4,-01 08 34,236.49,35.98,3.91,1.32,1.46,0.67,  K2.5III-IIIbBa0.3 ,0.049,-0.064,0.026,23,17,    
338,   Zet Phe,CP-55  241 ,6882,232306,17.0962,-55.2458,01 08 23.1,-55 14 45,297.83,-61.71,3.92,-0.08,-0.41,-0.12,  B6V+B9V           ,0.019,0.025,0.013,15,127,ABxC
6324, 58Eps Her,BD+31 2947 ,153808,65716,255.0725,30.9264,17 00 17.4,+30 55 35,52.85,36.17,3.92,-0.01,-0.1,-0.04,  A0V               ,-0.047,0.028,0.028,-25,78,    
8131,  8Alp Equ,BD+04 4635 ,202447,126662,318.9558,5.2478,21 15 49.4,+05 14 52,56.38,-28.71,3.92,0.53,0.29,0.35,  G0III+A5V         ,0.059,-0.088,0.021,-16,50,    
7340, 44Rho1Sgr,BD-18 5322 ,181577,162512,290.4183,-17.8472,19 21 40.4,-17 50 50,20.06,-14.55,3.93,0.22,0.13,0.1,  F0IV-V            ,-0.024,0.024,0.042,1,68,    
2970, 26Alp Mon,BD-09 2172 ,61935,134986,115.3117,-9.5511,07 41 14.8,-09 33 04,227.19,6.52,3.93,1.02,0.88,0.52,  K0III             ,-0.073,-0.019,0.024,11,17,    
100,   Kap Phe,CD-44  101 ,2262,215092,6.5508,-43.68,00 26 12.2,-43 40 48,318.42,-72.68,3.94,0.17,0.11,0.08,  A7V               ,0.109,0.029,0.072,11,219,    
4399, 78Iot Leo,BD+11 2348 ,99028,99587,170.9813,10.5292,11 23 55.5,+10 31 45,247.6,63.55,3.94,0.41,0.07,0.21,  F4IV              ,0.168,-0.075,0.052,-10,20,    
3461, 47Del Cnc,BD+18 2027 ,74442,98087,131.1712,18.1542,08 44 41.1,+18 09 15,208.02,32.9,3.94,1.08,0.99,0.54,  K0III-IIIb        ,-0.018,-0.228,0.025,17,17,    
5055, 79Zet UMa,BD+55 1598 ,116657,28738,200.985,54.9217,13 23 56.4,+54 55 18,113.11,61.58,3.95,0.13,0.09,     ,  A1m               ,0.119,-0.028,0.047,-9,57,AP  
854, 18Tau Per,BD+52  641 ,17878,23685,43.5646,52.7625,02 54 15.5,+52 45 45,141.02,-5.74,3.95,0.74,0.46,0.44,  G4III+A4V         ,0,-0.005,0.019,2,25,AxBC
440,   Del Phe,CD-49  425 ,9362,215536,22.8129,-49.0728,01 31 15.1,-49 04 22,286.27,-66.75,3.95,0.99,0.7,0.51,  K0III             ,0.142,0.151,0.031,-7,   ,    
3024,   Zet Vol,CP-72  627 ,63295,256438,115.455,-72.6061,07 41 49.2,-72 36 22,284.57,-22.16,3.95,1.04,0.83,0.53,  K0III             ,0.03,0.018,0.017,48,   ,    
2429,  7Nu 2CMa,BD-19 1502 ,47205,151702,99.1708,-19.2558,06 36 41.0,-19 15 21,228.69,-11.8,3.95,1.06,1.01,0.51,  K1III             ,0.059,-0.062,0.058,3,17,    
8667, 47Lam Peg,BD+22 4709 ,215665,90775,341.6329,23.5656,22 46 31.9,+23 33 56,89.26,-31.02,3.95,1.07,0.91,0.51,  G8IIIa*           ,0.058,-0.01,0.042,-4,19,    
4638,   Rho Cen,CD-51 6455 ,105937,239737,182.9129,-52.3686,12 11 39.1,-52 22 07,296.78,10.03,3.96,-0.15,-0.62,-0.17,  B3V               ,-0.035,-0.016,0.032,15,140,    
7590,   Eps Pav,CP-73 2086 ,188228,257757,300.1479,-72.9106,20 00 35.5,-72 54 38,322.02,-30.9,3.96,-0.03,-0.05,-0.03,  A0V               ,0.074,-0.132,0.016,-2,110,    
2120,   Eta Col,CD-42 2266 ,40808,217650,89.7867,-42.8153,05 59 08.8,-42 48 55,249.46,-27.23,3.96,1.14,1.08,0.58,  K0III             ,0.022,-0.014,0.019,17,   ,    
3579,          ,BD+42 1956 ,76943,42642,135.16,41.7828,09 00 38.4,+41 46 58,179.8,41.19,3.97,0.44,0.05,0.22,  F5V               ,-0.44,-0.246,0.07,26,26,AB  
3438,   Bet Pyx,CD-34 5128 ,74006,199490,130.0258,-35.3083,08 40 06.2,-35 18 30,256.24,3.9,3.97,0.94,0.65,0.48,  G7Ib-II           ,0.012,-0.022,0.018,-13,   ,    
8556,   Del1Gru,CD-4414931 ,213009,231154,337.3175,-43.4956,22 29 16.2,-43 29 44,353.77,-57.05,3.97,1.03,0.8,0.56,  G6-8III           ,0.028,-0.005,0.024,5,   ,    
8892, 98    Aqr,BD-20 6587 ,220321,191858,350.7425,-20.1006,23 22 58.2,-20 06 02,47.35,-68.59,3.97,1.1,0.95,0.6,  K0III             ,-0.12,-0.096,0.036,-7,   ,    
2012, 32Nu  Aur,BD+39 1429 ,39003,58502,87.8725,39.1486,05 51 29.4,+39 08 55,171.84,6.28,3.97,1.13,1.09,0.56,  G9.5III*          ,-0.005,0.007,0.017,10,17,    
2227,  5Gam Mon,BD-06 1469 ,43232,133012,93.7137,-6.2747,06 14 51.3,-06 16 29,214.4,-10.98,3.98,1.32,1.41,0.64,  K1.5IIIBa0.3      ,-0.008,-0.019,0.013,-5,   ,    
7751, 32    Cyg,BD+47 3059 ,192909,49385,303.8679,47.7144,20 15 28.3,+47 42 52,83.67,7.05,3.98,1.52,1.03,0.92,  K3Ib+B3V          ,0.001,0.008,0.014,-14,25,    
8848,   Gam Tuc,CP-58 8062 ,219571,247814,349.3575,-58.2358,23 17 25.8,-58 14 09,324.3,-54.82,3.99,0.4,-0.02,0.23,  F1III             ,-0.029,0.079,0.043,18,94,    
3615,   Alp Vol,CP-65 1065 ,78045,250422,135.6117,-66.3961,09 02 26.8,-66 23 46,282.71,-13,4,0.14,0.13,0.06,  A2-3IVm           ,-0.002,-0.096,0.051,5,45,    
4102,          ,CP-73  733 ,90589,256710,156.0987,-74.0317,10 24 23.7,-74 01 54,293.16,-14.02,4,0.35,-0.01,0.19,  F2IV              ,-0.021,-0.026,0.086,-4,55,    
868,          ,CD-50  860 ,18242,      ,43.4704,-49.8903,02 53 52.9,-49 53 25,265.46,-57.38,4,2.11,0.43,3.09,  M7IIIe            ,0.135,0.014,0.013,60,   ,    
